{
    "1": [
        0,
        0,
        0.63
    ],
    "2": [
        3.3043342748577964,
        0,
        1.15
    ],
    "3": [
        2.034557475308,
        1.7022020678214334,
        1.37
    ],
    "4": [
        1.3121785918047106,
        -1.370305316207185,
        1.7
    ]
}